stream_key,reported_at,form_url,verification,registered_form,UDA,DAPK,WT,rejected,po_total_valid,total_cast_form,reviewer_a,reviewer_b,notes,ocr_confidence,ocr_route,source_sha256,source_page
201-P00810391-02,,../data/public/elections/malava-2025/forms/uploaded/d47547657ae4fe25.pdf#page=1,HUMAN,65,6,8,9,2,,,,,OCR prefill only; status=QUARANTINE; engine=tesseract+layout-handwriting; confidence=0.409; source=data/public/elections/malava-2025/forms/037201795700810391/v1_d47547657ae4.pdf; page=1,0.4094,QUARANTINE,d47547657ae4fe25fe0401408b5b2e57a385939ee71a7d07e875c7658a1a1580,1
201-P01430815-01,,../data/public/elections/malava-2025/forms/uploaded/f3a1d4d61274678f.pdf#page=1,HUMAN,,734,8,,,,,,,OCR prefill only; status=QUARANTINE; engine=tesseract+layout-handwriting; confidence=0.160; source=data/public/elections/malava-2025/forms/037201815001430815/v1_f3a1d4d61274.pdf; page=1,0.1605,QUARANTINE,f3a1d4d61274678f5005a30e0db5caa920f039ca359e83b242dcfae0305140c6,1
201-P01883889-02,,../data/public/elections/malava-2025/forms/uploaded/16c82f2eb730c77a.pdf#page=1,HUMAN,,6,8,2,20,,,,,OCR prefill only; status=QUARANTINE; engine=tesseract+layout-handwriting; confidence=0.241; source=data/public/elections/malava-2025/forms/037201142601883889/v1_16c82f2eb730.pdf; page=1,0.2407,QUARANTINE,16c82f2eb730c77a383ef46309f7156f8f5675b2bc719e76e0feca050b6d56c4,1
201-P03557642-02,,../data/public/elections/malava-2025/forms/uploaded/c6aa1d73666fc165.pdf#page=1,HUMAN,,6,8,9,,,,,,OCR prefill only; status=QUARANTINE; engine=tesseract+layout-handwriting; confidence=0.241; source=data/public/elections/malava-2025/forms/037201267903557642/v1_c6aa1d73666f.pdf; page=1,0.2407,QUARANTINE,c6aa1d73666fc165bcde9f6cf072f0f130b476180b7ecc38bd58a7e4892c5b3b,1
201-P04283245-01,,../data/public/elections/malava-2025/forms/uploaded/0cd5f10be681541a.pdf#page=1,HUMAN,,6,2025,,,2,2,,,OCR prefill only; status=QUARANTINE; engine=tesseract+layout-handwriting; confidence=0.160; source=data/public/elections/malava-2025/forms/037201660604283245/v1_0cd5f10be681.pdf; page=1,0.1605,QUARANTINE,0cd5f10be681541a3a061980e7c02b0099e9b25c437ff10bf25a947eb24e7f16,1
201-P04664865-01,,../data/public/elections/malava-2025/forms/uploaded/3a06fd96639d9e12.pdf#page=1,HUMAN,,6,8,9,2,,,,,OCR prefill only; status=QUARANTINE; engine=tesseract+layout-handwriting; confidence=0.325; source=data/public/elections/malava-2025/forms/037201585004664865/v1_3a06fd96639d.pdf; page=1,0.3250,QUARANTINE,3a06fd96639d9e12eb9ae4abfc82d326ace61aea0b1c23ab80cf6361a0c7b1de,1
201-P05868713-02,,../data/public/elections/malava-2025/forms/uploaded/edf44cf46a2ef00f.pdf#page=1,HUMAN,1,6,8,3,,2,,,,OCR prefill only; status=QUARANTINE; engine=tesseract+layout-handwriting; confidence=0.349; source=data/public/elections/malava-2025/forms/037201491305868713/v1_edf44cf46a2e.pdf; page=1,0.3491,QUARANTINE,edf44cf46a2ef00f2be02e0843135195f56a49e884ff243e76ff9515ef21c563,1
201-P06158049-02,,../data/public/elections/malava-2025/forms/uploaded/26a4060e3093fd09.pdf#page=1,HUMAN,,,,3,,,,,,OCR prefill only; status=QUARANTINE; engine=tesseract+layout-handwriting; confidence=0.080; source=data/public/elections/malava-2025/forms/037201170906158049/v1_26a4060e3093.pdf; page=1,0.0802,QUARANTINE,26a4060e3093fd09df97e3d72e97cf168548ddb15b31a64cdb07983601cdf037,1
201-P06540186-01,,../data/public/elections/malava-2025/forms/uploaded/331167ba2673e828.pdf#page=1,HUMAN,,6,8,24,,2,,,,OCR prefill only; status=QUARANTINE; engine=tesseract+layout-handwriting; confidence=0.210; source=data/public/elections/malava-2025/forms/037201858106540186/v1_331167ba2673.pdf; page=1,0.2105,QUARANTINE,331167ba2673e828b5d1e1a56c96146e01c7af3299653208882503fc5d77ffc4,1
201-P07038855-01,,../data/public/elections/malava-2025/forms/uploaded/7d0f525988662d6b.pdf#page=1,HUMAN,,6,0,2,,,,,,OCR prefill only; status=QUARANTINE; engine=tesseract+layout-handwriting; confidence=0.160; source=data/public/elections/malava-2025/forms/037201615707038855/v1_7d0f52598866.pdf; page=1,0.1605,QUARANTINE,7d0f525988662d6b651ad31eec874b63b74e9a489772e2703930e5f90ff11822,1
201-P07222640-03,,../data/public/elections/malava-2025/forms/uploaded/955f2f82abc32459.pdf#page=1,HUMAN,1,6,8,9,2,,,,,OCR prefill only; status=QUARANTINE; engine=tesseract+layout-handwriting; confidence=0.409; source=data/public/elections/malava-2025/forms/037201798707222640/v1_955f2f82abc3.pdf; page=1,0.4094,QUARANTINE,955f2f82abc324592913087d980ad920f75e095c90f71fefbefd7021299ae6fa,1
201-P07686014-01,,../data/public/elections/malava-2025/forms/uploaded/529398fc6d1e290e.pdf#page=1,HUMAN,576,6,8,,,,,,,OCR prefill only; status=QUARANTINE; engine=tesseract+layout-handwriting; confidence=0.245; source=data/public/elections/malava-2025/forms/037201457207686014/v1_529398fc6d1e.pdf; page=1,0.2448,QUARANTINE,529398fc6d1e290e2bd7dc18218f72fa6d1f20529b0184960eb7124155250436,1
201-P08493002-01,,../data/public/elections/malava-2025/forms/uploaded/9c7453bb2c92f158.pdf#page=1,HUMAN,2,6,8,9,,,,,,OCR prefill only; status=QUARANTINE; engine=tesseract+layout-handwriting; confidence=0.241; source=data/public/elections/malava-2025/forms/037201781908493002/v1_9c7453bb2c92.pdf; page=1,0.2407,QUARANTINE,9c7453bb2c92f15841df93f59804a1ddbf9a5a01d9cb8b51094de07253253ed7,1
201-P10391960-01,,../data/public/elections/malava-2025/forms/uploaded/5df2ab9001f0f1a6.pdf#page=1,HUMAN,,,5,2,,,,,,OCR prefill only; status=QUARANTINE; engine=tesseract+layout-handwriting; confidence=0.080; source=data/public/elections/malava-2025/forms/037201946110391960/v1_5df2ab9001f0.pdf; page=1,0.0802,QUARANTINE,5df2ab9001f0f1a661190954667cd57950849d4f4f319c58cbf75dc2e327d487,1
201-P10821659-01,,../data/public/elections/malava-2025/forms/uploaded/f547a5291b81b045.pdf#page=1,HUMAN,2,6,8,,,,,,,OCR prefill only; status=QUARANTINE; engine=tesseract+layout-handwriting; confidence=0.160; source=data/public/elections/malava-2025/forms/037201553310821659/v1_f547a5291b81.pdf; page=1,0.1605,QUARANTINE,f547a5291b81b0450a4a04dfa8188747215b4475e0f3790352646258af268e80,1
201-P11012733-01,,../data/public/elections/malava-2025/forms/uploaded/baa267fc94022daf.pdf#page=1,HUMAN,,7,,9,,,,,,OCR prefill only; status=QUARANTINE; engine=tesseract+layout-handwriting; confidence=0.080; source=data/public/elections/malava-2025/forms/037201739511012733/v1_baa267fc9402.pdf; page=1,0.0802,QUARANTINE,baa267fc94022daf0ecdd968b2ada547760c14529e3ae0381db2d96413765de6,1
201-P11566334-01,,../data/public/elections/malava-2025/forms/uploaded/c7554170eb25fec0.pdf#page=1,HUMAN,2,,82070,,3,22,25,,,OCR prefill only; status=QUARANTINE; engine=tesseract+layout-handwriting; confidence=0.240; source=data/public/elections/malava-2025/forms/037201709511566334/v1_c7554170eb25.pdf; page=1,0.2403,QUARANTINE,c7554170eb25fec047b8ceaedf938373c40bca029a69fd9f06cdd4ecb25b664d,1
201-P12709006-01,,../data/public/elections/malava-2025/forms/uploaded/f7f7c7e7b2f192f1.pdf#page=1,HUMAN,2,6,8,9,,,,,,OCR prefill only; status=QUARANTINE; engine=tesseract+layout-handwriting; confidence=0.274; source=data/public/elections/malava-2025/forms/037201194212709006/v1_f7f7c7e7b2f1.pdf; page=1,0.2735,QUARANTINE,f7f7c7e7b2f192f190eaa5391f25a0cc6203aca93775c36caa95d0c0095faa24,1
201-P12832698-01,,../data/public/elections/malava-2025/forms/uploaded/59b24b0864d03078.pdf#page=1,HUMAN,,,222,9,2,,,,,OCR prefill only; status=QUARANTINE; engine=tesseract+layout-handwriting; confidence=0.173; source=data/public/elections/malava-2025/forms/037201852512832698/v1_59b24b0864d0.pdf; page=1,0.1731,QUARANTINE,59b24b0864d03078c33fbb13fe2452d6ae972cdfb5b9cea91604889c36511d38,1
201-P13424074-02,,../data/public/elections/malava-2025/forms/uploaded/eb1be07c28df515c.pdf#page=1,HUMAN,,2,1,9,,2,,,,OCR prefill only; status=QUARANTINE; engine=tesseract+layout-handwriting; confidence=0.292; source=data/public/elections/malava-2025/forms/037201665013424074/v1_eb1be07c28df.pdf; page=1,0.2921,QUARANTINE,eb1be07c28df515cb3713a0a83610fba3adba9fabed15e92e6331fa3bfd83847,1
201-P16472513-01,,../data/public/elections/malava-2025/forms/uploaded/8da0e2f9982eee02.pdf#page=1,HUMAN,3,6,8,9,,,,,,OCR prefill only; status=QUARANTINE; engine=tesseract+layout-handwriting; confidence=0.325; source=data/public/elections/malava-2025/forms/037201995616472513/v1_8da0e2f9982e.pdf; page=1,0.3250,QUARANTINE,8da0e2f9982eee022957c140fd34a1734af49ae844d9d44312b4743fb80bfc9b,1
201-P16546252-01,,../data/public/elections/malava-2025/forms/uploaded/88af0c23e969c0fc.pdf#page=1,HUMAN,,6,,8,,,,,,OCR prefill only; status=QUARANTINE; engine=tesseract+layout-handwriting; confidence=0.160; source=data/public/elections/malava-2025/forms/037201935916546252/v1_88af0c23e969.pdf; page=1,0.1605,QUARANTINE,88af0c23e969c0fc87e91b6decae612153da87bfb980f01e486d853c9037ba4d,1
201-P16821353-01,,../data/public/elections/malava-2025/forms/uploaded/547c104b820890f5.pdf#page=1,HUMAN,,6,,,,,,,,OCR prefill only; status=QUARANTINE; engine=tesseract+layout-handwriting; confidence=0.080; source=data/public/elections/malava-2025/forms/037201886516821353/v1_547c104b8208.pdf; page=1,0.0802,QUARANTINE,547c104b820890f532d476dcf03268b52ac444c16216e56939125b26aad42415,1
201-P18121148-01,,../data/public/elections/malava-2025/forms/uploaded/c3b4e641e4f46523.pdf#page=1,HUMAN,22,6,,0,,,,,,OCR prefill only; status=QUARANTINE; engine=tesseract+layout-handwriting; confidence=0.185; source=data/public/elections/malava-2025/forms/037201878918121148/v1_c3b4e641e4f4.pdf; page=1,0.1847,QUARANTINE,c3b4e641e4f4652379ef9336f1334966d56b4a1803c8a7e79f4169081185512a,1
201-P18161762-01,,../data/public/elections/malava-2025/forms/uploaded/540930388d607494.pdf#page=1,HUMAN,,6,3,0,8,,,,,OCR prefill only; status=QUARANTINE; engine=tesseract+layout-handwriting; confidence=0.325; source=data/public/elections/malava-2025/forms/037201244218161762/v1_540930388d60.pdf; page=1,0.3250,QUARANTINE,540930388d60749493f8536667467996f982ec9259942a7de441c5e408666164,1
201-P18457243-01,,../data/public/elections/malava-2025/forms/uploaded/59cf4f65e24d4247.pdf#page=1,HUMAN,2,6,8,,,,,,,OCR prefill only; status=QUARANTINE; engine=tesseract+layout-handwriting; confidence=0.172; source=data/public/elections/malava-2025/forms/037201468218457243/v1_59cf4f65e24d.pdf; page=1,0.1719,QUARANTINE,59cf4f65e24d42479bd15f472937de3a2de09dcab49263f19d09a603d26d104d,1
201-P20441366-01,,../data/public/elections/malava-2025/forms/uploaded/2bb2d4dda4de105e.pdf#page=1,HUMAN,,,8,9,,,,,,OCR prefill only; status=QUARANTINE; engine=tesseract+layout-handwriting; confidence=0.160; source=data/public/elections/malava-2025/forms/037201700320441366/v1_2bb2d4dda4de.pdf; page=1,0.1605,QUARANTINE,2bb2d4dda4de105e949e0eadb4bdef004abfcbd857eae1465170ecf033e3c21a,1
201-P21774778-01,,../data/public/elections/malava-2025/forms/uploaded/d3ee906d348891e5.pdf#page=1,HUMAN,,8,,,,,,,,OCR prefill only; status=QUARANTINE; engine=tesseract+layout-handwriting; confidence=0.080; source=data/public/elections/malava-2025/forms/037201722521774778/v1_d3ee906d3488.pdf; page=1,0.0802,QUARANTINE,d3ee906d348891e5ff1a630b8dbf2b1add8f00f3f3f1e53106eb219b0e68e112,1
201-P21914966-02,,../data/public/elections/malava-2025/forms/uploaded/0f650198e0ba7583.pdf#page=1,HUMAN,,6,8,9,,,,,,OCR prefill only; status=QUARANTINE; engine=tesseract+layout-handwriting; confidence=0.241; source=data/public/elections/malava-2025/forms/037201687821914966/v1_0f650198e0ba.pdf; page=1,0.2407,QUARANTINE,0f650198e0ba7583de1bf75afdf3f50db63d847ee9894bf5da4f97e8decfe420,1
201-P22395403-01,,../data/public/elections/malava-2025/forms/uploaded/990555e88285e40e.pdf#page=1,HUMAN,,,8,,,5,,,,OCR prefill only; status=QUARANTINE; engine=tesseract+layout-handwriting; confidence=0.165; source=data/public/elections/malava-2025/forms/037201970622395403/v1_990555e88285.pdf; page=1,0.1646,QUARANTINE,990555e88285e40e00db4955d49fbcd2cf25f1d4dad0ff12597a1efbc71e9802,1
201-P22424649-01,,../data/public/elections/malava-2025/forms/uploaded/7080ec5db5b04858.pdf#page=1,HUMAN,,,8,,22,2,24,,,OCR prefill only; status=QUARANTINE; engine=tesseract+layout-handwriting; confidence=0.157; source=data/public/elections/malava-2025/forms/037201075622424649/v1_7080ec5db5b0.pdf; page=1,0.1574,QUARANTINE,7080ec5db5b048583691a5200e90053b655684ab3af40c3785eb3c1925b621fb,1
201-P23916779-01,,../data/public/elections/malava-2025/forms/uploaded/6e80aa24aafc6cd3.pdf#page=1,HUMAN,,6,8,,,,,,,OCR prefill only; status=QUARANTINE; engine=tesseract+layout-handwriting; confidence=0.160; source=data/public/elections/malava-2025/forms/037201412323916779/v1_6e80aa24aafc.pdf; page=1,0.1605,QUARANTINE,6e80aa24aafc6cd32d2b09305121517459cab379e05b4b48b7b3ac9492e300fd,1
201-P25588891-01,,../data/public/elections/malava-2025/forms/uploaded/1aa9b7c7594a8567.pdf#page=1,HUMAN,,8,8,,,,,,,OCR prefill only; status=QUARANTINE; engine=tesseract+layout-handwriting; confidence=0.160; source=data/public/elections/malava-2025/forms/037201093825588891/v1_1aa9b7c7594a.pdf; page=1,0.1605,QUARANTINE,1aa9b7c7594a8567e1bf4484ed09152cfd501434dbb6a109e6c6519f1943da5e,1
201-P26319314-02,,../data/public/elections/malava-2025/forms/uploaded/2fa30c4343041362.pdf#page=1,HUMAN,,3,0,,,2,,,,OCR prefill only; status=QUARANTINE; engine=tesseract+layout-handwriting; confidence=0.245; source=data/public/elections/malava-2025/forms/037201635926319314/v1_2fa30c434304.pdf; page=1,0.2448,QUARANTINE,2fa30c4343041362062a242897d818c3857feba2b2ec19a65d71be1d907bb69a,1
201-P26761787-02,,../data/public/elections/malava-2025/forms/uploaded/a1645c61a8b2a9a8.pdf#page=1,HUMAN,2,6,,3,,,,,,OCR prefill only; status=QUARANTINE; engine=tesseract+layout-handwriting; confidence=0.179; source=data/public/elections/malava-2025/forms/037201908426761787/v1_a1645c61a8b2.pdf; page=1,0.1790,QUARANTINE,a1645c61a8b2a9a86518d505f6203b4eb3d25be4a22b5d2034b3949e7df8f043,1
201-P27172154-01,,../data/public/elections/malava-2025/forms/uploaded/0ecf589fa7775c51.pdf#page=1,HUMAN,,2,,9,,,,,,OCR prefill only; status=QUARANTINE; engine=tesseract+layout-handwriting; confidence=0.160; source=data/public/elections/malava-2025/forms/037201913127172154/v1_0ecf589fa777.pdf; page=1,0.1605,QUARANTINE,0ecf589fa7775c516fa96c2d782841df546d5075ae09c2789703d2d6621e961e,1
201-P27335610-02,,../data/public/elections/malava-2025/forms/uploaded/06126a658b967d0a.pdf#page=1,HUMAN,,,,18,,,,,,OCR prefill only; status=QUARANTINE; engine=tesseract+layout-handwriting; confidence=0.080; source=data/public/elections/malava-2025/forms/037201523627335610/v1_06126a658b96.pdf; page=1,0.0802,QUARANTINE,06126a658b967d0a8862be81e61826819a793a976f011a5b3e7ed8a0c0cb35cb,1
201-P27536371-02,,../data/public/elections/malava-2025/forms/uploaded/c49a60153400d97d.pdf#page=1,HUMAN,,6,8,9,,3,,,,OCR prefill only; status=QUARANTINE; engine=tesseract+layout-handwriting; confidence=0.316; source=data/public/elections/malava-2025/forms/037201477227536371/v1_c49a60153400.pdf; page=1,0.3157,QUARANTINE,c49a60153400d97d9b0de46293095c404fd74bb859d5cb0f1c48099fdae69a68,1
201-P27954572-02,,../data/public/elections/malava-2025/forms/uploaded/f8e3b1acfbd84767.pdf#page=1,HUMAN,2,8,,,2,2,4,,,OCR prefill only; status=QUARANTINE; engine=tesseract+layout-handwriting; confidence=0.225; source=data/public/elections/malava-2025/forms/037201297327954572/v1_f8e3b1acfbd8.pdf; page=1,0.2246,QUARANTINE,f8e3b1acfbd84767912f1e14487ffde10d7cd3c9b30dcd0866b999ba1acaae3a,1
201-P29756478-01,,../data/public/elections/malava-2025/forms/uploaded/6d8798813554d057.pdf#page=1,HUMAN,,5,,0,,,,,,OCR prefill only; status=QUARANTINE; engine=tesseract+layout-handwriting; confidence=0.160; source=data/public/elections/malava-2025/forms/037201235929756478/v1_6d8798813554.pdf; page=1,0.1605,QUARANTINE,6d8798813554d0578c16a41749ce5c75b7eb2eedbe34e764d2e554a38794459d,1
201-P30168472-01,,../data/public/elections/malava-2025/forms/uploaded/27171849d790404a.pdf#page=1,HUMAN,1,6,8,2,2,,,,,OCR prefill only; status=QUARANTINE; engine=tesseract+layout-handwriting; confidence=0.409; source=data/public/elections/malava-2025/forms/037201374330168472/v1_27171849d790.pdf; page=1,0.4094,QUARANTINE,27171849d790404a4ec03f7ce071bb08ff9742858efca8aa781f5a9397b19cc0,1
201-P31144636-02,,../data/public/elections/malava-2025/forms/uploaded/a2defd8002d00a65.pdf#page=1,HUMAN,5,,8,,,,,,,OCR prefill only; status=QUARANTINE; engine=tesseract+layout-handwriting; confidence=0.165; source=data/public/elections/malava-2025/forms/037201516031144636/v1_a2defd8002d0.pdf; page=1,0.1646,QUARANTINE,a2defd8002d00a65669a96e9ba965f0e9e08ba9db83b8d4344bb46951330dc0a,1
201-P31940485-01,,../data/public/elections/malava-2025/forms/uploaded/237594be541479f2.pdf#page=1,HUMAN,,20177663,,6521,,771,,,,OCR prefill only; status=QUARANTINE; engine=tesseract+layout-handwriting; confidence=0.225; source=data/public/elections/malava-2025/forms/037201727131940485/v1_237594be5414.pdf; page=1,0.2251,QUARANTINE,237594be541479f2ff47be64a7de04f9d274f38178acfca89ff16f10cc5a3b3b,1
201-P33754415-01,,../data/public/elections/malava-2025/forms/uploaded/a4d663349618f8ea.pdf#page=1,HUMAN,,0,8,900,,,,,,OCR prefill only; status=QUARANTINE; engine=tesseract+layout-handwriting; confidence=0.241; source=data/public/elections/malava-2025/forms/037201984733754415/v1_a4d663349618.pdf; page=1,0.2407,QUARANTINE,a4d663349618f8ea8249a438f85fecbb16ddc835af3cc9e193283c956ed95e15,1
201-P34800971-02,,../data/public/elections/malava-2025/forms/uploaded/54a1c8c0b0a308dc.pdf#page=1,HUMAN,,6,8,9,,,,,,OCR prefill only; status=QUARANTINE; engine=tesseract; confidence=0.334; source=data/public/elections/malava-2025/forms/037201866334800971/v1_54a1c8c0b0a3.pdf; page=1,0.3343,QUARANTINE,54a1c8c0b0a308dcd9322d1f5908c8a648405068210925b5ad93d866543f3e45,1
201-P36207381-01,,../data/public/elections/malava-2025/forms/uploaded/4c07fb16ce0b06b4.pdf#page=1,HUMAN,,71,8,9,,8,,,,OCR prefill only; status=QUARANTINE; engine=tesseract+layout-handwriting; confidence=0.241; source=data/public/elections/malava-2025/forms/037201857136207381/v1_4c07fb16ce0b.pdf; page=1,0.2407,QUARANTINE,4c07fb16ce0b06b40f500ef037b73eae475709f5a6f5d4ebd6c0ded492f24473,1
201-P37093470-02,,../data/public/elections/malava-2025/forms/uploaded/47391e3386a2a587.pdf#page=1,HUMAN,,6,78,,2,,,,,OCR prefill only; status=QUARANTINE; engine=tesseract+layout-handwriting; confidence=0.245; source=data/public/elections/malava-2025/forms/037201207737093470/v1_47391e3386a2.pdf; page=1,0.2448,QUARANTINE,47391e3386a2a58767ae6839860c8b86b2d1957a424b7a269d8f8816fda1e919,1
201-P37428401-01,,../data/public/elections/malava-2025/forms/uploaded/f941fb010abffa8d.pdf#page=1,HUMAN,7,,,,9,3,12,,,OCR prefill only; status=QUARANTINE; engine=tesseract+layout-handwriting; confidence=0.343; source=data/public/elections/malava-2025/forms/037201539437428401/v1_f941fb010abf.pdf; page=1,0.3434,QUARANTINE,f941fb010abffa8d98073150ee9bab8779b481ad7a9003e2ebac6b6caccc86c8,1
201-P38211669-01,,../data/public/elections/malava-2025/forms/uploaded/bde0251e541bd8c5.pdf#page=1,HUMAN,,3,,,,,,,,OCR prefill only; status=QUARANTINE; engine=tesseract+layout-handwriting; confidence=0.080; source=data/public/elections/malava-2025/forms/037201860338211669/v1_bde0251e541b.pdf; page=1,0.0802,QUARANTINE,bde0251e541bd8c55f9bb23a40a45b624220cff77713f33cb534715a36b11bb5,1
201-P38289115-01,,../data/public/elections/malava-2025/forms/uploaded/9e900ebd2ab66b68.pdf#page=1,HUMAN,,6,,2,2,2,4,,,OCR prefill only; status=QUARANTINE; engine=tesseract+layout-handwriting; confidence=0.253; source=data/public/elections/malava-2025/forms/037201343538289115/v1_9e900ebd2ab6.pdf; page=1,0.2533,QUARANTINE,9e900ebd2ab66b68e1cc9a9e79fa14afa1d148bd06be76f6fd2bd5ed9ecd01dc,1
201-P38293982-01,,../data/public/elections/malava-2025/forms/uploaded/1b3e03a95b7c5632.pdf#page=1,HUMAN,,7,,,2,2,4,,,OCR prefill only; status=QUARANTINE; engine=tesseract+layout-handwriting; confidence=0.210; source=data/public/elections/malava-2025/forms/037201170738293982/v1_1b3e03a95b7c.pdf; page=1,0.2101,QUARANTINE,1b3e03a95b7c563276473b0f55e982a26a6ace675200ea0ff6ea88325cffa4ec,1
201-P38484039-01,,../data/public/elections/malava-2025/forms/uploaded/c9ae0843b456b0ca.pdf#page=1,HUMAN,,,,,,,,,,OCR prefill only; status=QUARANTINE; engine=tesseract; confidence=0.115; source=data/public/elections/malava-2025/forms/037201369538484039/v1_c9ae0843b456.pdf; page=1,0.1147,QUARANTINE,c9ae0843b456b0cad756dfd6a103c62c82c2c0da963c890365d572228aac6d5c,1
201-P40215797-01,,../data/public/elections/malava-2025/forms/uploaded/52d95854ac9da3db.pdf#page=1,HUMAN,2,7,8,9,,,,,,OCR prefill only; status=QUARANTINE; engine=tesseract+layout-handwriting; confidence=0.255; source=data/public/elections/malava-2025/forms/037201352840215797/v1_52d95854ac9d.pdf; page=1,0.2550,QUARANTINE,52d95854ac9da3db221618b001015d8d498bb1b4911eb104d4e936b585d5cda9,1
201-P40654007-01,,../data/public/elections/malava-2025/forms/uploaded/748a25865034e60e.pdf#page=1,HUMAN,,6,,0,,2,,,,OCR prefill only; status=QUARANTINE; engine=tesseract+layout-handwriting; confidence=0.175; source=data/public/elections/malava-2025/forms/037201161940654007/v1_748a25865034.pdf; page=1,0.1747,QUARANTINE,748a25865034e60e3ef3a94e38ccf5e524a9825c519bdb99758afdb0919dec06,1
201-P40867089-01,,../data/public/elections/malava-2025/forms/uploaded/a8ce38373fb6c3e7.pdf#page=1,HUMAN,,6,8,9,,,,,,OCR prefill only; status=QUARANTINE; engine=tesseract; confidence=0.334; source=data/public/elections/malava-2025/forms/037201130640867089/v1_a8ce38373fb6.pdf; page=1,0.3343,QUARANTINE,a8ce38373fb6c3e79e980b54d77e1c13af83c93049e744c26dca7bb4943546b6,1
201-P41021337-01,,../data/public/elections/malava-2025/forms/uploaded/c3dd67c612eb0f15.pdf#page=1,HUMAN,,6,8,7,,4,,,,OCR prefill only; status=QUARANTINE; engine=tesseract+layout-handwriting; confidence=0.325; source=data/public/elections/malava-2025/forms/037201826541021337/v1_c3dd67c612eb.pdf; page=1,0.3250,QUARANTINE,c3dd67c612eb0f15b6cd515a063652d53bce443c75023155221687c6e3c27f2c,1
201-P41639996-02,,../data/public/elections/malava-2025/forms/uploaded/577ca516666d5e4c.pdf#page=1,HUMAN,3,9,8,0,3,,,,,OCR prefill only; status=QUARANTINE; engine=tesseract+layout-handwriting; confidence=0.409; source=data/public/elections/malava-2025/forms/037201683341639996/v1_577ca516666d.pdf; page=1,0.4094,QUARANTINE,577ca516666d5e4cebd0da2f00ed3d3d5de948a7ed5ec33162c8d742a7f35648,1
201-P42444042-02,,../data/public/elections/malava-2025/forms/uploaded/0893efcd1bd84bc4.pdf#page=1,HUMAN,1,8,8,9,,,,,,OCR prefill only; status=QUARANTINE; engine=tesseract+layout-handwriting; confidence=0.325; source=data/public/elections/malava-2025/forms/037201633842444042/v1_0893efcd1bd8.pdf; page=1,0.3250,QUARANTINE,0893efcd1bd84bc4b1aff7f41802a589b666a4182f7722f35f310ab02d53b10f,1
201-P44354900-02,,../data/public/elections/malava-2025/forms/uploaded/071afb0eb0b28c52.pdf#page=1,HUMAN,7,1,8,9,,62,,,,OCR prefill only; status=QUARANTINE; engine=tesseract+layout-handwriting; confidence=0.409; source=data/public/elections/malava-2025/forms/037201630144354900/v1_071afb0eb0b2.pdf; page=1,0.4094,QUARANTINE,071afb0eb0b28c52c68e7ad8534bc7656f060a36b3de4e722f82f84d0cc0a533,1
201-P44786224-02,,../data/public/elections/malava-2025/forms/uploaded/b819904a70a38e07.pdf#page=1,HUMAN,,6,8,48,8,,,,,OCR prefill only; status=QUARANTINE; engine=tesseract+layout-handwriting; confidence=0.325; source=data/public/elections/malava-2025/forms/037201747344786224/v1_b819904a70a3.pdf; page=1,0.3250,QUARANTINE,b819904a70a38e07e9eecfdadee42bfd88b9b33017e1c610ffa32512d860e3fe,1
201-P45520783-01,,../data/public/elections/malava-2025/forms/uploaded/1e3d116eaaf2d22b.pdf#page=1,HUMAN,2,6,,,2,7,9,,,OCR prefill only; status=QUARANTINE; engine=tesseract+layout-handwriting; confidence=0.290; source=data/public/elections/malava-2025/forms/037201564345520783/v1_1e3d116eaaf2.pdf; page=1,0.2903,QUARANTINE,1e3d116eaaf2d22b278718e5c32e4eb054b23cdee137b3369785750c9072f2be,1
201-P45647184-02,,../data/public/elections/malava-2025/forms/uploaded/82156d5dd302e7af.pdf#page=1,HUMAN,1,6,8,9,2,,,,,OCR prefill only; status=QUARANTINE; engine=tesseract+layout-handwriting; confidence=0.409; source=data/public/elections/malava-2025/forms/037201208545647184/v1_82156d5dd302.pdf; page=1,0.4094,QUARANTINE,82156d5dd302e7afd9a125bef1d94d42536a5e149b3fc57609537ede70d8b11a,1
201-P47732351-01,,../data/public/elections/malava-2025/forms/uploaded/dd8bae7cd1559fb7.pdf#page=1,HUMAN,,993,8,9,,,,,,OCR prefill only; status=QUARANTINE; engine=tesseract+layout-handwriting; confidence=0.241; source=data/public/elections/malava-2025/forms/037201237947732351/v1_dd8bae7cd155.pdf; page=1,0.2407,QUARANTINE,dd8bae7cd1559fb7ed73a30938d7517383fcac2a7b495636df4e628d3df716af,1
201-P47887560-04,,../data/public/elections/malava-2025/forms/uploaded/8277b5a983ff9031.pdf#page=1,HUMAN,32,25,8,9,2,,,,,OCR prefill only; status=QUARANTINE; engine=tesseract+layout-handwriting; confidence=0.325; source=data/public/elections/malava-2025/forms/037201942818317987/v1_8277b5a983ff.pdf; page=1,0.3250,QUARANTINE,8277b5a983ff9031fcb1f66f5f8cfa59299827ed3a89bc403ba862bd04dfdb71,1
201-P48233641-01,,../data/public/elections/malava-2025/forms/uploaded/528619a1be6b9c13.pdf#page=1,HUMAN,1,6,3,22,,52,,,,OCR prefill only; status=QUARANTINE; engine=tesseract+layout-handwriting; confidence=0.255; source=data/public/elections/malava-2025/forms/037201703348233641/v1_528619a1be6b.pdf; page=1,0.2548,QUARANTINE,528619a1be6b9c13ab68af5b8391ae6cd92f4479f7a861708d3bd6dc0bf73da9,1
201-P49349855-02,,../data/public/elections/malava-2025/forms/uploaded/da73e7e3f79e93e0.pdf#page=1,HUMAN,,,,9,,,,,,OCR prefill only; status=QUARANTINE; engine=tesseract+layout-handwriting; confidence=0.080; source=data/public/elections/malava-2025/forms/037201677549349855/v1_da73e7e3f79e.pdf; page=1,0.0802,QUARANTINE,da73e7e3f79e93e00fbdf0967a08f906f926f6f534a7c147421c12a3af6cfdbf,1
201-P52392133-03,,../data/public/elections/malava-2025/forms/uploaded/78ba5e7a139e07d3.pdf#page=1,HUMAN,,99,,901,,,,,,OCR prefill only; status=QUARANTINE; engine=tesseract+layout-handwriting; confidence=0.245; source=data/public/elections/malava-2025/forms/037201047252392133/v1_78ba5e7a139e.pdf; page=1,0.2448,QUARANTINE,78ba5e7a139e07d346869ebb0728d0479cc2f5e4f474421e341382fc703cda9b,1
201-P52468400-03,,../data/public/elections/malava-2025/forms/uploaded/1b3ad926e9307906.pdf#page=1,HUMAN,,,8,9,2,,,,,OCR prefill only; status=QUARANTINE; engine=tesseract+layout-handwriting; confidence=0.245; source=data/public/elections/malava-2025/forms/037201964952468400/v1_1b3ad926e930.pdf; page=1,0.2448,QUARANTINE,1b3ad926e93079063534a7d321540fdeab2059bd43bfb838fbf948662edd93ef,1
201-P52784435-02,,../data/public/elections/malava-2025/forms/uploaded/f2aed27a2b096009.pdf#page=1,HUMAN,,,8,,,6,,,,OCR prefill only; status=QUARANTINE; engine=tesseract+layout-handwriting; confidence=0.094; source=data/public/elections/malava-2025/forms/037201636552784435/v1_f2aed27a2b09.pdf; page=1,0.0936,QUARANTINE,f2aed27a2b0960097d3ce2b4623da47c5f1ea444c8ea875f4531550821e461c4,1
201-P55106347-01,,../data/public/elections/malava-2025/forms/uploaded/a6a732ec0116a0c7.pdf#page=1,HUMAN,1,8,6,9,,,,,,OCR prefill only; status=QUARANTINE; engine=tesseract; confidence=0.451; source=data/public/elections/malava-2025/forms/037201799955106347/v1_a6a732ec0116.pdf; page=1,0.4514,QUARANTINE,a6a732ec0116a0c7861d3b0e6dee7461279ee39bfc2f16eae4e81993ce4ce9b7,1
201-P55819153-01,,../data/public/elections/malava-2025/forms/uploaded/d3d5ec5bcbbc9a97.pdf#page=1,HUMAN,55,2467,,5,,72,,,,OCR prefill only; status=QUARANTINE; engine=tesseract+layout-handwriting; confidence=0.237; source=data/public/elections/malava-2025/forms/037201605155819153/v1_d3d5ec5bcbbc.pdf; page=1,0.2373,QUARANTINE,d3d5ec5bcbbc9a97828593de514c268d469e0232e485043220fcbb6d8aaf96f9,1
201-P55979187-01,,../data/public/elections/malava-2025/forms/uploaded/f696dd1a613a973d.pdf#page=1,HUMAN,15,0,8,9,,,,,,OCR prefill only; status=QUARANTINE; engine=tesseract+layout-handwriting; confidence=0.325; source=data/public/elections/malava-2025/forms/037201794755979187/v1_f696dd1a613a.pdf; page=1,0.3250,QUARANTINE,f696dd1a613a973d3e5473c68cdd2e00abb53411a3fe49f587b487318d72c00a,1
201-P59077224-01,,../data/public/elections/malava-2025/forms/uploaded/1cc7fb70dead437d.pdf#page=1,HUMAN,23,70,8,8,2,,,,,OCR prefill only; status=QUARANTINE; engine=tesseract+layout-handwriting; confidence=0.342; source=data/public/elections/malava-2025/forms/037201884759077224/v1_1cc7fb70dead.pdf; page=1,0.3422,QUARANTINE,1cc7fb70dead437d386b4fbf6842615de1308a4bd5197c4d2baed6c9d2c12b62,1
201-P59081097-02,,../data/public/elections/malava-2025/forms/uploaded/d7d4567444c73c9a.pdf#page=1,HUMAN,,2,,7,,,,,,OCR prefill only; status=QUARANTINE; engine=tesseract+layout-handwriting; confidence=0.160; source=data/public/elections/malava-2025/forms/037201065659081097/v1_d7d4567444c7.pdf; page=1,0.1605,QUARANTINE,d7d4567444c73c9ad29225e144eea18f9b8592ce54d61959ab483f4e320dbc43,1
201-P59746821-01,,../data/public/elections/malava-2025/forms/uploaded/a47986657423c0ac.pdf#page=1,HUMAN,1,6,8,2010,,,,,,OCR prefill only; status=QUARANTINE; engine=tesseract+layout-handwriting; confidence=0.325; source=data/public/elections/malava-2025/forms/037201768059746821/v1_a47986657423.pdf; page=1,0.3250,QUARANTINE,a47986657423c0aca346449f5d343a46fb3a61b76a132ef9d3baa85ae10bd822,1
201-P60124020-01,,../data/public/elections/malava-2025/forms/uploaded/2a0dc0b3002c5fcf.pdf#page=1,HUMAN,,6,8,0,,8,,,,OCR prefill only; status=QUARANTINE; engine=tesseract+layout-handwriting; confidence=0.325; source=data/public/elections/malava-2025/forms/037201713860124020/v1_2a0dc0b3002c.pdf; page=1,0.3250,QUARANTINE,2a0dc0b3002c5fcfdb664be5738a0020f69f7722597d939894c9e6a8d5612a57,1
201-P60703262-01,,../data/public/elections/malava-2025/forms/uploaded/636913a219ca9f42.pdf#page=1,HUMAN,4,5,0,,,,,,,OCR prefill only; status=QUARANTINE; engine=tesseract+layout-handwriting; confidence=0.245; source=data/public/elections/malava-2025/forms/037201149060703262/v1_636913a219ca.pdf; page=1,0.2448,QUARANTINE,636913a219ca9f423fb9414e70ab724b2f5c39473af0329834f8a86cbf888e01,1
201-P61010463-01,,../data/public/elections/malava-2025/forms/uploaded/3d8c209f4f61832f.pdf#page=1,HUMAN,4,,8,9,,,,,,OCR prefill only; status=QUARANTINE; engine=tesseract+layout-handwriting; confidence=0.245; source=data/public/elections/malava-2025/forms/037201335461010463/v1_3d8c209f4f61.pdf; page=1,0.2448,QUARANTINE,3d8c209f4f61832f23d709865e2025eff0eee4d711f4258d40eafd8f43855deb,1
201-P61760228-01,,../data/public/elections/malava-2025/forms/uploaded/876bc4a899d5ba89.pdf#page=1,HUMAN,,6,,0,,,,,,OCR prefill only; status=QUARANTINE; engine=tesseract+layout-handwriting; confidence=0.160; source=data/public/elections/malava-2025/forms/037201147861760228/v1_876bc4a899d5.pdf; page=1,0.1605,QUARANTINE,876bc4a899d5ba8950ab74c5e54e6327be7cf22df6001567a8ae8ac516c3e51a,1
201-P61891114-02,,../data/public/elections/malava-2025/forms/uploaded/60739a95dad04f5e.pdf#page=1,HUMAN,1,16,77,19,602,7,609,,,OCR prefill only; status=OCR_BENCHMARK_REVIEW; engine=tesseract+layout-handwriting; confidence=0.578; source=data/public/elections/malava-2025/forms/037201153761891114/v1_60739a95dad0.pdf; page=1,0.5781,OCR_BENCHMARK_REVIEW,60739a95dad04f5e0a306553f5f49b7dec6cb0d44e5c4a3edfad3816de524d5f,1
201-P63584005-01,,../data/public/elections/malava-2025/forms/uploaded/2ddddae041f9dc38.pdf#page=1,HUMAN,,6,8,9,,,,,,OCR prefill only; status=QUARANTINE; engine=tesseract+layout-handwriting; confidence=0.241; source=data/public/elections/malava-2025/forms/037201055963584005/v1_2ddddae041f9.pdf; page=1,0.2407,QUARANTINE,2ddddae041f9dc38ce5c54772745b2316a5c3abc16a57c9dd49f7d4fc6d1fec6,1
201-P63847143-01,,../data/public/elections/malava-2025/forms/uploaded/9be27a44047991f8.pdf#page=1,HUMAN,,6,8,,,2,,,,OCR prefill only; status=QUARANTINE; engine=tesseract+layout-handwriting; confidence=0.176; source=data/public/elections/malava-2025/forms/037201210363847143/v1_9be27a440479.pdf; page=1,0.1762,QUARANTINE,9be27a44047991f8ab47e318a37a552cd6675737c0f75baebfe20266017e4e38,1
201-P66878759-01,,../data/public/elections/malava-2025/forms/uploaded/ef0ef9b268832eae.pdf#page=1,HUMAN,,0,,,,55,,,,OCR prefill only; status=QUARANTINE; engine=tesseract+layout-handwriting; confidence=0.123; source=data/public/elections/malava-2025/forms/037201808666878759/v1_ef0ef9b26883.pdf; page=1,0.1231,QUARANTINE,ef0ef9b268832eae6a96ac9feaf048c4c985111c8d7e9c100de06c0f82964af1,1
201-P67502450-02,,../data/public/elections/malava-2025/forms/uploaded/6cfc645d22eba112.pdf#page=1,HUMAN,1,6,,,,,,,,OCR prefill only; status=QUARANTINE; engine=tesseract+layout-handwriting; confidence=0.165; source=data/public/elections/malava-2025/forms/037201341967502450/v1_6cfc645d22eb.pdf; page=1,0.1646,QUARANTINE,6cfc645d22eba11255b3aa1999df17a1907d3f281c0fc86e0d493bc7fb0958a1,1
201-P68115183-03,,../data/public/elections/malava-2025/forms/uploaded/2fbae9bd6f6cec50.pdf#page=1,HUMAN,,73,,,,72,,,,OCR prefill only; status=QUARANTINE; engine=tesseract+layout-handwriting; confidence=0.145; source=data/public/elections/malava-2025/forms/037201294868115183/v1_2fbae9bd6f6c.pdf; page=1,0.1452,QUARANTINE,2fbae9bd6f6cec5078e646d55e7a02b47bdf91b77a8d60282800b5efb31552a3,1
201-P70187663-01,,../data/public/elections/malava-2025/forms/uploaded/dfe2198f99672ec2.pdf#page=1,HUMAN,,5,8,9,,,,,,OCR prefill only; status=QUARANTINE; engine=tesseract+layout-handwriting; confidence=0.241; source=data/public/elections/malava-2025/forms/037201037070187663/v1_dfe2198f9967.pdf; page=1,0.2407,QUARANTINE,dfe2198f99672ec2272a5a07b14a7ab2b1fec3f2d88e012354a2b98c95cb465e,1
201-P70487595-01,,../data/public/elections/malava-2025/forms/uploaded/8f3b1b7d03a2b57c.pdf#page=1,HUMAN,7,,0,2,,2,2,,,OCR prefill only; status=QUARANTINE; engine=tesseract+layout-handwriting; confidence=0.257; source=data/public/elections/malava-2025/forms/037201741770487595/v1_8f3b1b7d03a2.pdf; page=1,0.2575,QUARANTINE,8f3b1b7d03a2b57c4c4eb750fdcbecc56a7d84109fca233f357aa56052ff005e,1
201-P71003555-01,,../data/public/elections/malava-2025/forms/uploaded/219c079e7560f610.pdf#page=1,HUMAN,,16,1,9,,,,,,OCR prefill only; status=QUARANTINE; engine=tesseract+layout-handwriting; confidence=0.241; source=data/public/elections/malava-2025/forms/037201040571003555/v1_219c079e7560.pdf; page=1,0.2407,QUARANTINE,219c079e7560f61036bb7d40ea254af514f744ad6dff156707cf22c68ddef3ad,1
201-P71489579-01,,../data/public/elections/malava-2025/forms/uploaded/a7f3c2789db062f5.pdf#page=1,HUMAN,7,,,9,222,,,,,OCR prefill only; status=QUARANTINE; engine=tesseract+layout-handwriting; confidence=0.165; source=data/public/elections/malava-2025/forms/037201679071489579/v1_a7f3c2789db0.pdf; page=1,0.1646,QUARANTINE,a7f3c2789db062f5d449e394eb71db1585a1f9d6dc998e0ef99caf1fbd2720e4,1
201-P72857484-03,,../data/public/elections/malava-2025/forms/uploaded/b8cbe7ce40b95faf.pdf#page=1,HUMAN,,7,,202,,,,,,OCR prefill only; status=QUARANTINE; engine=tesseract+layout-handwriting; confidence=0.160; source=data/public/elections/malava-2025/forms/037201305072857484/v1_b8cbe7ce40b9.pdf; page=1,0.1605,QUARANTINE,b8cbe7ce40b95faf7c6f0bdc5e3e83352eee3456f894d1816d716f1926510d00,1
201-P73549665-01,,../data/public/elections/malava-2025/forms/uploaded/d1bec3dbafec91c6.pdf#page=1,HUMAN,,5,,,,5,,,,OCR prefill only; status=QUARANTINE; engine=tesseract+layout-handwriting; confidence=0.165; source=data/public/elections/malava-2025/forms/037201142273549665/v1_d1bec3dbafec.pdf; page=1,0.1646,QUARANTINE,d1bec3dbafec91c62e53c4a5e273cfeae68c2dfadef5f7c1f49232324019f568,1
201-P73895143-01,,../data/public/elections/malava-2025/forms/uploaded/ced49e8bb9f5bb19.pdf#page=1,HUMAN,,6,0,2,,222,,,,OCR prefill only; status=QUARANTINE; engine=tesseract+layout-handwriting; confidence=0.225; source=data/public/elections/malava-2025/forms/037201852373895143/v1_ced49e8bb9f5.pdf; page=1,0.2247,QUARANTINE,ced49e8bb9f5bb19eae13666a13d2f38b1b4dbe8980f8a1450889103421311a6,1
201-P73958995-01,,../data/public/elections/malava-2025/forms/uploaded/8f035491e21691b2.pdf#page=1,HUMAN,,57,,,6,,,,,OCR prefill only; status=QUARANTINE; engine=tesseract+layout-handwriting; confidence=0.115; source=data/public/elections/malava-2025/forms/037201915673958995/v1_8f035491e216.pdf; page=1,0.1145,QUARANTINE,8f035491e21691b2533010fb021d8f25604e733ecac24b15f79c5a55c0332c72,1
201-P74674087-02,,../data/public/elections/malava-2025/forms/uploaded/a070a51cacc7cede.pdf#page=1,HUMAN,,6,,,2,,,,,OCR prefill only; status=QUARANTINE; engine=tesseract+layout-handwriting; confidence=0.165; source=data/public/elections/malava-2025/forms/037201369174674087/v1_a070a51cacc7.pdf; page=1,0.1646,QUARANTINE,a070a51cacc7ceded25c453238cbfa1564b9c033566dc421610a092696b022ce,1
201-P74973542-01,,../data/public/elections/malava-2025/forms/uploaded/8f34ee8ce9c3420d.pdf#page=1,HUMAN,,7,8,9,,1,,,,OCR prefill only; status=QUARANTINE; engine=tesseract+layout-handwriting; confidence=0.325; source=data/public/elections/malava-2025/forms/037201318274973542/v1_8f34ee8ce9c3.pdf; page=1,0.3247,QUARANTINE,8f34ee8ce9c3420d3952e84bf67a7b655c6647cfec3cd298b0abf724aff7a95b,1
201-P75112476-02,,../data/public/elections/malava-2025/forms/uploaded/e92bfcfa2b90bff8.pdf#page=1,HUMAN,1,,,,,2,,,,OCR prefill only; status=QUARANTINE; engine=tesseract+layout-handwriting; confidence=0.094; source=data/public/elections/malava-2025/forms/037201183175112476/v1_e92bfcfa2b90.pdf; page=1,0.0943,QUARANTINE,e92bfcfa2b90bff8dd6bf0e02494297a0ab577f5b9eeb3e336ddef85f25ce47a,1
201-P76474805-01,,../data/public/elections/malava-2025/forms/uploaded/23f96a619cdbbfc9.pdf#page=1,HUMAN,,4,0,9,,,,,,OCR prefill only; status=QUARANTINE; engine=tesseract+layout-handwriting; confidence=0.241; source=data/public/elections/malava-2025/forms/037201953676474805/v1_23f96a619cdb.pdf; page=1,0.2407,QUARANTINE,23f96a619cdbbfc9cb94cba6e3e4b70b0c725393e7f1c2b51c8dc17b3d68873b,1
201-P76555697-01,,../data/public/elections/malava-2025/forms/uploaded/7d1d824a75b8faa2.pdf#page=1,HUMAN,,6,8,9,2,,,,,OCR prefill only; status=QUARANTINE; engine=tesseract+layout-handwriting; confidence=0.264; source=data/public/elections/malava-2025/forms/037201128676555697/v1_7d1d824a75b8.pdf; page=1,0.2635,QUARANTINE,7d1d824a75b8faa2e7015f251ff10a0121b8a97409bd1561fd95da48fdcf8af4,1
201-P77077443-01,,../data/public/elections/malava-2025/forms/uploaded/0ab1f87a5c406cd0.pdf#page=1,HUMAN,,6,,,,,,,,OCR prefill only; status=QUARANTINE; engine=tesseract+layout-handwriting; confidence=0.080; source=data/public/elections/malava-2025/forms/037201630977077443/v1_0ab1f87a5c40.pdf; page=1,0.0802,QUARANTINE,0ab1f87a5c406cd0a7564e45f65f3a03e7bc68cfe1ba31cb593c656067b2bfba,1
201-P77171806-01,,../data/public/elections/malava-2025/forms/uploaded/1f668262200af0f0.pdf#page=1,HUMAN,,6,8,2,,2,,,,OCR prefill only; status=QUARANTINE; engine=tesseract+layout-handwriting; confidence=0.271; source=data/public/elections/malava-2025/forms/037201833477171806/v1_1f668262200a.pdf; page=1,0.2707,QUARANTINE,1f668262200af0f039022590e7d1670d04abadb515a2ef960368d589840b5155,1
201-P78300522-02,,../data/public/elections/malava-2025/forms/uploaded/4610d237a62b9959.pdf#page=1,HUMAN,,6,,8,,,,,,OCR prefill only; status=QUARANTINE; engine=tesseract+layout-handwriting; confidence=0.160; source=data/public/elections/malava-2025/forms/037201765678300522/v1_4610d237a62b.pdf; page=1,0.1605,QUARANTINE,4610d237a62b9959c9c8f5f61e7f01729ae77ff1a036decbf18547f3d6c7b023,1
201-P79061775-01,,../data/public/elections/malava-2025/forms/uploaded/f9cbaeede40e73f6.pdf#page=1,HUMAN,5,2,,,,,,,,OCR prefill only; status=QUARANTINE; engine=tesseract+layout-handwriting; confidence=0.086; source=data/public/elections/malava-2025/forms/037201377079061775/v1_f9cbaeede40e.pdf; page=1,0.0859,QUARANTINE,f9cbaeede40e73f67a846966996553f2ccf2901093d4ec7d993710c3579f5f77,1
201-P79328666-01,,../data/public/elections/malava-2025/forms/uploaded/d8f428c914682166.pdf#page=1,HUMAN,,82,,,,262,,,,OCR prefill only; status=QUARANTINE; engine=tesseract+layout-handwriting; confidence=0.107; source=data/public/elections/malava-2025/forms/037201593579328666/v1_d8f428c91468.pdf; page=1,0.1072,QUARANTINE,d8f428c91468216674eb84bd4a3f1bb7d5130f37dc9361a52ff6fad9f1232b8b,1
201-P80095617-02,,../data/public/elections/malava-2025/forms/uploaded/edea9cb1fcaf5d68.pdf#page=1,HUMAN,,,0,,2,,,,,OCR prefill only; status=QUARANTINE; engine=tesseract+layout-handwriting; confidence=0.102; source=data/public/elections/malava-2025/forms/037201811280095617/v1_edea9cb1fcaf.pdf; page=1,0.1017,QUARANTINE,edea9cb1fcaf5d683fef3961d65507492fe7949d2d80e724a7ffebab4d453c50,1
201-P80566276-04,,../data/public/elections/malava-2025/forms/uploaded/ac9d09ceed5d87c9.pdf#page=1,HUMAN,2,5,,,2,2,4,,,OCR prefill only; status=QUARANTINE; engine=tesseract+layout-handwriting; confidence=0.309; source=data/public/elections/malava-2025/forms/037201149088388860/v1_ac9d09ceed5d.pdf; page=1,0.3089,QUARANTINE,ac9d09ceed5d87c970aaf689434487f41cce7471cedef2bab6de22d0f1c39d12,1
201-P80566276-04,,../data/public/elections/malava-2025/forms/uploaded/7171565d8816d1df.pdf#page=1,HUMAN,,7,2,,,2,,,,OCR prefill only; status=QUARANTINE; engine=tesseract+layout-handwriting; confidence=0.157; source=data/public/elections/malava-2025/forms/037201909480566276/v1_7171565d8816.pdf; page=1,0.1574,QUARANTINE,7171565d8816d1dfe9f6dbf6d516686741466c39d509f0b2725f3c480e5436a1,1
201-P80626453-01,,../data/public/elections/malava-2025/forms/uploaded/f8fa455da90852a0.pdf#page=1,HUMAN,,8,,9,20,1,21,,,OCR prefill only; status=QUARANTINE; engine=tesseract+layout-handwriting; confidence=0.305; source=data/public/elections/malava-2025/forms/037201180980626453/v1_f8fa455da908.pdf; page=1,0.3048,QUARANTINE,f8fa455da90852a013e1cbf1048b5f392843d2712e5b8a2d24cd80c1c4c15bd3,1
201-P81186848-02,,../data/public/elections/malava-2025/forms/uploaded/5703d2dfb9ab4226.pdf#page=1,HUMAN,,,8,2,,,,,,OCR prefill only; status=QUARANTINE; engine=tesseract+layout-handwriting; confidence=0.160; source=data/public/elections/malava-2025/forms/037201877981186848/v1_5703d2dfb9ab.pdf; page=1,0.1605,QUARANTINE,5703d2dfb9ab42265c7d4573be9ff9809bde29e4ff8d2b97f8e6b2050d3933b3,1
201-P81304837-02,,../data/public/elections/malava-2025/forms/uploaded/d61bd8f934287c6f.pdf#page=1,HUMAN,,6,8,,2,,,,,OCR prefill only; status=QUARANTINE; engine=tesseract+layout-handwriting; confidence=0.245; source=data/public/elections/malava-2025/forms/037201826181304837/v1_d61bd8f93428.pdf; page=1,0.2448,QUARANTINE,d61bd8f934287c6f11014b4dbbfade4918b9e32ed1643677395ea7355b24c280,1
201-P81828756-03,,../data/public/elections/malava-2025/forms/uploaded/9e1b5d2dd7d9801d.pdf#page=1,HUMAN,,21,8,9,,,,,,OCR prefill only; status=QUARANTINE; engine=tesseract; confidence=0.334; source=data/public/elections/malava-2025/forms/037201581281828756/v1_9e1b5d2dd7d9.pdf; page=1,0.3343,QUARANTINE,9e1b5d2dd7d9801d8b22d834c62b6c9a7cc1f739648c541f2e1e2c8a7178cc56,1
201-P82037188-02,,../data/public/elections/malava-2025/forms/uploaded/9983c43d85e13dab.pdf#page=1,HUMAN,,6,8,2,,,,,,OCR prefill only; status=QUARANTINE; engine=tesseract+layout-handwriting; confidence=0.241; source=data/public/elections/malava-2025/forms/037201604282037188/v1_9983c43d85e1.pdf; page=1,0.2407,QUARANTINE,9983c43d85e13dab7f4f2491567f917ab0f5679e06ca18cbd86fd5cd80cd7dac,1
201-P82543503-01,,../data/public/elections/malava-2025/forms/uploaded/102b837b241a8038.pdf#page=1,HUMAN,,2,8,9,,2,,,,OCR prefill only; status=QUARANTINE; engine=tesseract+layout-handwriting; confidence=0.241; source=data/public/elections/malava-2025/forms/037201990382543503/v1_102b837b241a.pdf; page=1,0.2407,QUARANTINE,102b837b241a803887cb1f1e2d75cb35cba50bd5aac5fad81f1cbaa276f345a3,1
201-P82866075-01,,../data/public/elections/malava-2025/forms/uploaded/0f722792c54599e1.pdf#page=1,HUMAN,,22,,,,,,,,OCR prefill only; status=QUARANTINE; engine=tesseract+layout-handwriting; confidence=0.080; source=data/public/elections/malava-2025/forms/037201547782866075/v1_0f722792c545.pdf; page=1,0.0802,QUARANTINE,0f722792c54599e188810879980d816f8e4cd1452360cb9cd8330c26740292f0,1
201-P82878163-02,,../data/public/elections/malava-2025/forms/uploaded/fa375b4f06732454.pdf#page=1,HUMAN,,9,8,,2,7,9,,,OCR prefill only; status=QUARANTINE; engine=tesseract+layout-handwriting; confidence=0.245; source=data/public/elections/malava-2025/forms/037201173882878163/v1_fa375b4f0673.pdf; page=1,0.2448,QUARANTINE,fa375b4f0673245400c9652ab7c48e0ef6519cd6e1556beb7f3101a44846d070,1
201-P83835521-01,,../data/public/elections/malava-2025/forms/uploaded/60bb6986835845e7.pdf#page=1,HUMAN,,6,,,2,,,,,OCR prefill only; status=QUARANTINE; engine=tesseract+layout-handwriting; confidence=0.137; source=data/public/elections/malava-2025/forms/037201434683835521/v1_60bb69868358.pdf; page=1,0.1374,QUARANTINE,60bb6986835845e728d1e49100d5d1bcca1236f8cd7647feb24dbaf2d6f068b6,1
201-P86177465-02,,../data/public/elections/malava-2025/forms/uploaded/0f935a6203584520.pdf#page=1,HUMAN,2,5,,0,,55,,,,OCR prefill only; status=QUARANTINE; engine=tesseract+layout-handwriting; confidence=0.263; source=data/public/elections/malava-2025/forms/037201087486177465/v1_0f935a620358.pdf; page=1,0.2627,QUARANTINE,0f935a62035845200edbfeb806f73733655f2c544a1aa752dd1a543270bee964,1
201-P86204625-02,,../data/public/elections/malava-2025/forms/uploaded/382d01135bc0ca6a.pdf#page=1,HUMAN,,,,,,,,,,OCR prefill only; status=QUARANTINE; engine=tesseract+layout-handwriting; confidence=0.112; source=data/public/elections/malava-2025/forms/037201444086204625/v1_382d01135bc0.pdf; page=1,0.1125,QUARANTINE,382d01135bc0ca6a3a805875a928bc1fd69bf1835dd4a3f015ffc1047222ff8a,1
201-P86524451-02,,../data/public/elections/malava-2025/forms/uploaded/6d3fa131dda0c36a.pdf#page=1,HUMAN,2,,,,,12,,,,OCR prefill only; status=QUARANTINE; engine=tesseract+layout-handwriting; confidence=0.080; source=data/public/elections/malava-2025/forms/037201138886524451/v1_6d3fa131dda0.pdf; page=1,0.0800,QUARANTINE,6d3fa131dda0c36abd17a46bb780a26d99ef9fa0eeae3e59f864f70b20260d89,1
201-P87010130-02,,../data/public/elections/malava-2025/forms/uploaded/509be5fec9579c42.pdf#page=1,HUMAN,,7,8,77,2,2,4,,,OCR prefill only; status=QUARANTINE; engine=tesseract+layout-handwriting; confidence=0.415; source=data/public/elections/malava-2025/forms/037201745387010130/v1_509be5fec957.pdf; page=1,0.4150,QUARANTINE,509be5fec9579c421ca585bc486f4a067b2952a6a4ec75b053df4372a1a434ca,1
201-P87918303-02,,../data/public/elections/malava-2025/forms/uploaded/9be43ef2ec8222d6.pdf#page=1,HUMAN,,,8,9,,,,,,OCR prefill only; status=QUARANTINE; engine=tesseract+layout-handwriting; confidence=0.160; source=data/public/elections/malava-2025/forms/037201689587918303/v1_9be43ef2ec82.pdf; page=1,0.1605,QUARANTINE,9be43ef2ec8222d6085a28167efa47d16d9f70ee9a284bf45b9ea3cf94d35681,1
201-P88396484-02,,../data/public/elections/malava-2025/forms/uploaded/3d7f203ae5e33558.pdf#page=1,HUMAN,,6,8,24,,,,,,OCR prefill only; status=QUARANTINE; engine=tesseract+layout-handwriting; confidence=0.200; source=data/public/elections/malava-2025/forms/037201555988396484/v1_3d7f203ae5e3.pdf; page=1,0.2005,QUARANTINE,3d7f203ae5e335587f15e195e78602cfe5b442e5428a866df7fc86556f40fdba,1
201-P89486929-02,,../data/public/elections/malava-2025/forms/uploaded/13c5a2aea5ccb4ca.pdf#page=1,HUMAN,,6,,2,,,,,,OCR prefill only; status=QUARANTINE; engine=tesseract; confidence=0.223; source=data/public/elections/malava-2025/forms/037201392989486929/v1_13c5a2aea5cc.pdf; page=1,0.2229,QUARANTINE,13c5a2aea5ccb4caf5c9005fd14be42b06bbd48a54015b81c0a87f22fde986b3,1
201-P90256912-02,,../data/public/elections/malava-2025/forms/uploaded/a4bf8c13809320a5.pdf#page=1,HUMAN,1,6,,9,,2,,,,OCR prefill only; status=QUARANTINE; engine=tesseract+layout-handwriting; confidence=0.329; source=data/public/elections/malava-2025/forms/037201559090256912/v1_a4bf8c138093.pdf; page=1,0.3291,QUARANTINE,a4bf8c13809320a54f6bae69695fca951b7299fc43126adb38d9e99fa6e76d2d,1
201-P90737553-01,,../data/public/elections/malava-2025/forms/uploaded/6b53519488d8b909.pdf#page=1,HUMAN,,,,2,,55,,,,OCR prefill only; status=QUARANTINE; engine=tesseract+layout-handwriting; confidence=0.021; source=data/public/elections/malava-2025/forms/037201715290737553/v1_6b53519488d8.pdf; page=1,0.0214,QUARANTINE,6b53519488d8b909b40175595da9077256ac6397813c95b476e59a3bbb5568b5,1
201-P91820433-01,,../data/public/elections/malava-2025/forms/uploaded/853bb3667e7fcf44.pdf#page=1,HUMAN,,6,8,9,12,,,,,OCR prefill only; status=QUARANTINE; engine=tesseract+layout-handwriting; confidence=0.325; source=data/public/elections/malava-2025/forms/037201555391820433/v1_853bb3667e7f.pdf; page=1,0.3250,QUARANTINE,853bb3667e7fcf44c25d225498e35419cc32c129f909a1dd7993234652d156fe,1
201-P92738446-01,,../data/public/elections/malava-2025/forms/uploaded/0f33b4edb6a648d5.pdf#page=1,HUMAN,,6,,,,2,,,,OCR prefill only; status=QUARANTINE; engine=tesseract+layout-handwriting; confidence=0.080; source=data/public/elections/malava-2025/forms/037201058992738446/v1_0f33b4edb6a6.pdf; page=1,0.0802,QUARANTINE,0f33b4edb6a648d5bb34589bc4e12644aafdddc6e17c9e361d633ef26cbfd771,1
201-P93028712-01,,../data/public/elections/malava-2025/forms/uploaded/95e571a983485af7.pdf#page=1,HUMAN,,8,8,920105,,,,,,OCR prefill only; status=QUARANTINE; engine=tesseract+layout-handwriting; confidence=0.241; source=data/public/elections/malava-2025/forms/037201055693028712/v1_95e571a98348.pdf; page=1,0.2407,QUARANTINE,95e571a983485af78ee8c895085da04446823cfb4e42ef982f6623928bf75567,1
201-P93099160-01,,../data/public/elections/malava-2025/forms/uploaded/65856f359863c71c.pdf#page=1,HUMAN,1,6,,21,2,,,,,OCR prefill only; status=QUARANTINE; engine=tesseract+layout-handwriting; confidence=0.329; source=data/public/elections/malava-2025/forms/037201524593099160/v1_65856f359863.pdf; page=1,0.3291,QUARANTINE,65856f359863c71cfbc7907605cbecf2d8b26f62015c757dcdfec5303fb8195c,1
201-P93715232-02,,../data/public/elections/malava-2025/forms/uploaded/20457ab3944acb8a.pdf#page=1,HUMAN,,6,,9,,25,,,,OCR prefill only; status=QUARANTINE; engine=tesseract+layout-handwriting; confidence=0.179; source=data/public/elections/malava-2025/forms/037201201593715232/v1_20457ab3944a.pdf; page=1,0.1790,QUARANTINE,20457ab3944acb8ae1dc5017b0e174afa9eb5575bff87bfb995a0c26dddb3e5e,1
201-P94041809-02,,../data/public/elections/malava-2025/forms/uploaded/8c298db70d5e18b3.pdf#page=1,HUMAN,,6,8,,2,22,24,,,OCR prefill only; status=QUARANTINE; engine=tesseract+layout-handwriting; confidence=0.259; source=data/public/elections/malava-2025/forms/037201133494041809/v1_8c298db70d5e.pdf; page=1,0.2591,QUARANTINE,8c298db70d5e18b3418adaef69d6ea980b36b9ba50d093de56e1707da987f741,1
201-P94113449-01,,../data/public/elections/malava-2025/forms/uploaded/15b48fe22ebf05f9.pdf#page=1,HUMAN,,23,,,2,22,24,,,OCR prefill only; status=QUARANTINE; engine=tesseract+layout-handwriting; confidence=0.256; source=data/public/elections/malava-2025/forms/037201021394113449/v1_15b48fe22ebf.pdf; page=1,0.2558,QUARANTINE,15b48fe22ebf05f9410e420f26392c65d0a4d3cfe856cb4997d203d7116454f2,1
201-P94667031-02,,../data/public/elections/malava-2025/forms/uploaded/ade857acf3eebf65.pdf#page=1,HUMAN,27,6,8,17,1,27,28,,,OCR prefill only; status=OCR_BENCHMARK_REVIEW; engine=tesseract+layout-handwriting; confidence=0.341; source=data/public/elections/malava-2025/forms/037201477494667031/v1_ade857acf3ee.pdf; page=1,0.3407,OCR_BENCHMARK_REVIEW,ade857acf3eebf656b27cffae1d4980760f5f46d285181d1c6eb4247a831f91e,1
201-P96076648-02,,../data/public/elections/malava-2025/forms/uploaded/b19b50e9d9950ae9.pdf#page=1,HUMAN,,6,8,9,3,,,,,OCR prefill only; status=QUARANTINE; engine=tesseract+layout-handwriting; confidence=0.241; source=data/public/elections/malava-2025/forms/037201004296076648/v1_b19b50e9d995.pdf; page=1,0.2407,QUARANTINE,b19b50e9d9950ae920258c71605f65c772dc858922bc8ed40e7a9ef6e41b0b6d,1
201-P96901649-01,,../data/public/elections/malava-2025/forms/uploaded/f9081ffd83473c3d.pdf#page=1,HUMAN,625,6,,,,,,,,OCR prefill only; status=QUARANTINE; engine=tesseract+layout-handwriting; confidence=0.165; source=data/public/elections/malava-2025/forms/037201678596901649/v1_f9081ffd8347.pdf; page=1,0.1646,QUARANTINE,f9081ffd83473c3d070b8e23b7a3027ac1e98cdf51bdb31e069e7a26a23370c5,1
201-P97777075-01,,../data/public/elections/malava-2025/forms/uploaded/a28b346cd50d9a97.pdf#page=1,HUMAN,,162,8,9,,,,,,OCR prefill only; status=QUARANTINE; engine=tesseract+layout-handwriting; confidence=0.241; source=data/public/elections/malava-2025/forms/037201389097777075/v1_a28b346cd50d.pdf; page=1,0.2407,QUARANTINE,a28b346cd50d9a97d23b39d679272e04a45ec909cdd5ad8a19bcaa6d8748661e,1
201-P98417527-01,,../data/public/elections/malava-2025/forms/uploaded/c158fb6dcc9144d9.pdf#page=1,HUMAN,,8,4,9,,309,,,,OCR prefill only; status=QUARANTINE; engine=tesseract+layout-handwriting; confidence=0.373; source=data/public/elections/malava-2025/forms/037201857598417527/v1_c158fb6dcc91.pdf; page=1,0.3734,QUARANTINE,c158fb6dcc9144d90305906505761c50afb8840d17874089e4d119308f13f6a0,1
201-P99233004-01,,../data/public/elections/malava-2025/forms/uploaded/623a8f9c5281ef1d.pdf#page=1,HUMAN,,22,9,9,,,,,,OCR prefill only; status=QUARANTINE; engine=tesseract+layout-handwriting; confidence=0.241; source=data/public/elections/malava-2025/forms/037201094199233004/v1_623a8f9c5281.pdf; page=1,0.2407,QUARANTINE,623a8f9c5281ef1d016bb888c829142053d909a6afe59634bb27c0e3a3aece07,1
201-P99442696-01,,../data/public/elections/malava-2025/forms/uploaded/d26c310787c48855.pdf#page=1,HUMAN,,6,,0,,,,,,OCR prefill only; status=QUARANTINE; engine=tesseract+layout-handwriting; confidence=0.160; source=data/public/elections/malava-2025/forms/037201450799442696/v1_d26c310787c4.pdf; page=1,0.1605,QUARANTINE,d26c310787c488554182ab77f0b3bf69b30dc838c9e8e3684a292151a19d6ebe,1
201-P99558880-01,,../data/public/elections/malava-2025/forms/uploaded/8e3a872bf511c7c1.pdf#page=1,HUMAN,,6,,9,,,,,,OCR prefill only; status=QUARANTINE; engine=tesseract+layout-handwriting; confidence=0.160; source=data/public/elections/malava-2025/forms/037201072099558880/v1_8e3a872bf511.pdf; page=1,0.1605,QUARANTINE,8e3a872bf511c7c19dbc05247de7528bb72c09e6a3251523ea8bf197959d9b1e,1
